url,title,url,...
https://www.jumia.ci/glam-s-make-up/,GLAM'S MAKE UP Shop - Acheter en ligne | Jumia Côte d'Ivoire,https://www.jumia.ci/glam-s-make-up/,{}
https://www.jumia.ci/maquillage-visage/,Visage - Acheter en ligne | Jumia Côte d'Ivoire,https://www.jumia.ci/maquillage-visage/,{}
https://www.jumia.ci/smartphones/itel/,Smartphones ITEL - Acheter en ligne | Jumia Côte d'Ivoire,https://www.jumia.ci/smartphones/itel/,{}
https://www.jumia.ci/lux-bijoux/,Bijoux - Acheter en ligne | Jumia Côte d'Ivoire,https://www.jumia.ci/lux-bijoux/,{}
https://www.jumia.ci/others/,Services - Acheter en ligne | Jumia Côte d'Ivoire,https://www.jumia.ci/others/,{}
https://www.jumia.ci/bose/?viewType=gridView,Bose Shop - Acheter en ligne | Jumia Côte d'Ivoire,https://www.jumia.ci/bose/?viewType=gridView,{}
https://www.jumia.ci/designer-le-richelieu/,Le richelieu | Designer CI | Jumia.ci,https://www.jumia.ci/designer-le-richelieu/,{}
https://www.jumia.ci/polos-homme/,Polos | Mode Homme | Jumia Côte d'Ivoire,https://www.jumia.ci/polos-homme/,{}
https://www.jumia.ci/tv-photos-audio/ICE/,"TV, Photos & Audio - Acheter en ligne | Jumia Côte d'Ivoire",https://www.jumia.ci/tv-photos-audio/,{}
https://www.jumia.ci/sacs-accessoires/?gender=Hommes,Sacs & Accessoires | Mode Homme & Femme | Jumia Côte d'Ivoire,https://www.jumia.ci/sacs-accessoires/?gender=Hommes,{}
https://www.jumia.ci/tablettes/?display_size=10.0--9.0_--9.0--10.1--9.7,"Tablettes Cote d'Ivoire | Boutique en ligne Samsung, Orange | Jumia.ci",https://www.jumia.ci/tablettes/?display_size=10.0--9.0_--9.0--10.1--9.7,{}
https://www.jumia.ci/pc-fixes/,Ordinateur - Achetez PC fixes en ligne sur Jumia Côte d’Ivoire,https://www.jumia.ci/pc-fixes/,{}
https://www.jumia.ci/steven-s/,STEVEN'S Shop - Acheter en ligne | Jumia Côte d'Ivoire,https://www.jumia.ci/steven-s/,{}
https://www.jumia.ci/rasage-homme/,Rasage & Soins - Acheter en ligne | Jumia Côte d'Ivoire,https://www.jumia.ci/rasage-homme/,{}
https://www.jumia.ci/power-banks-et-chargeurs/,Power banks et chargeurs - Acheter en ligne | Jumia Côte d'Ivoire,https://www.jumia.ci/power-banks-et-chargeurs/,{}
https://www.jumia.ci/apple/,"Apple Côte d'Ivoire - Boutique en ligne: iPad, iPhone, Macbook | jumia",https://bollestore.jumia.ci/,{}
https://www.jumia.ci/kipsta/,Kipsta: le Football et le Basketball pas chers - Décathlon & Jumia.ci,https://www.jumia.ci/kipsta/,{}
https://www.jumia.ci/mocassins-chaussures-bateau-hommes/prix-special/,Mocassins & Chaussures bateau - Acheter en ligne | Jumia Côte d'Ivoire,https://www.jumia.ci/mocassins-chaussures-bateau-hommes/prix-special/,{}
https://www.jumia.ci/ordinateurs-portables/toshiba/,ordinateur portable Toshiba - Acheter en ligne | Jumia Côte d'Ivoire,https://www.jumia.ci/ordinateurs-portables/toshiba/,{}
http://www.jumia.ma/,Jumia Mall | Achat et Vente en ligne au Maroc !,https://www.jumia.ma/,{}
https://www.jumia.ci/jeux-jouets/,Achat en ligne | Boutique mode & high-tech en Côte d'Ivoire | Jumia.ci,https://www.jumia.ci/,{}
https://www.jumia.ci/beaut%C3%A9-bien-etre/,Bien-être - Acheter en ligne | Jumia Côte d'Ivoire,https://www.jumia.ci/beaut%C3%A9-bien-etre/,{}
https://www.jumia.ci/pieces-cheveux/,Mèches cheveux - Acheter en ligne | Jumia Côte d'Ivoire,https://www.jumia.ci/pieces-cheveux/,{}
https://market.jumia.ci//,"Shopping en ligne | Mode, informatique, tablettes, téléphones et autres | Jumia Market Côte d'Ivoire (Kaymu)",https://market.jumia.ci/,{}
https://www.jumia.ci/reebok/,Reebok Shop - Acheter en ligne | Jumia Côte d'Ivoire,https://www.jumia.ci/reebok/,{}
https://www.jumia.ci/bebe-puericulture/,Bébé & Puériculture - Acheter en ligne | Jumia Côte d'Ivoire,https://www.jumia.ci/bebe-puericulture/,{}
https://www.jumia.ci/lavage-et-sechage/,Machine à laver et sèche-linges - Jumia Côte d’Ivoire,https://www.jumia.ci/lavage-et-sechage/,{}
https://www.jumia.ci/https://www.jumia.ci/montres/prix-special/,Montres - Acheter en ligne | Jumia Côte d'Ivoire,https://www.jumia.ci/montres/,{}
https://www.jumia.ci/eau-de-toilette-enfants/,Eau de toilette enfants - Acheter en ligne | Jumia Côte d'Ivoire,https://www.jumia.ci/eau-de-toilette-enfants/,{}
https://www.jumia.ci/vetements-hommes/?sort=newest&dir=desc&source=CI_w48_MFL1_vetements-homme,Vêtements prêt-à-porter pour homme | Commandez sur Jumia,https://www.jumia.ci/vetements-hommes/?sort=newest&dir=desc&source=CI_w48_MFL1_vetements-homme,{}
https://www.jumia.ci/soins-du-visage/,Soins du visage | Produits de beauté en ligne sur Jumia.ci,https://www.jumia.ci/soins-du-visage/,{}
https://www.jumia.ci/bonbonwatch/,Bonbon Watch Shop - Acheter en ligne | Jumia Côte d'Ivoire,https://www.jumia.ci/bonbonwatch/,{}
https://www.jumia.ci/mauboussin/,Mauboussin Shop - Acheter en ligne | Jumia Côte d'Ivoire,https://www.jumia.ci/mauboussin/,{}
https://www.jumia.ci/bijoux-femmes/brosway/,Bijoux Femme Brosway - Acheter en ligne | Jumia Côte d'Ivoire,https://www.jumia.ci/bijoux-femmes/brosway/,{}
https://www.jumia.ci/refrigerateurs-congelateurs/,Sélection de réfrigérateurs & congélateurs sur Jumia,https://www.jumia.ci/refrigerateurs-congelateurs/,{}
https://www.jumia.ci/smart-tvs/,Smart TVs - Acheter en ligne | Jumia Côte d'Ivoire,https://www.jumia.ci/smart-tvs/,{}
https://www.jumia.ci/televisions/?display_size=32.0&sort=Price%3A+Low+to+High&dir=asc,Télévisions | Smart TV et LED en ligne | Jumia Côte d’Ivoire,https://www.jumia.ci/televisions/?display_size=32.0&sort=Price%3A+Low+to+High&dir=asc,{}
https://www.jumia.ci/tablettes/itel/,Boutique Itel | Tablettes & Accessoires sur Jumia CI,https://www.jumia.ci/tablettes/itel/,{}
https://www.jumia.ci/aide/,Questions & Réponses sur vos achats en ligne,https://www.jumia.ci/aide/,{}
https://www.jumia.ci/beaute-pour-enfants/,Enfants - Acheter en ligne | Jumia Côte d'Ivoire,https://www.jumia.ci/beaute-pour-enfants/,{}
https://www.jumia.ci/espadrilles-hommes/,Espadrilles | Mode Homme | Jumia Côte d'Ivoire,https://www.jumia.ci/espadrilles-hommes/,{}
https://www.jumia.ci/huawei/,Huawei Shop - Acheter en ligne | Jumia Côte d'Ivoire,https://www.jumia.ci/huawei/,{}
https://www.jumia.ci/marshall/,MARSHALL Shop - Acheter en ligne | Jumia Côte d'Ivoire,https://www.jumia.ci/marshall/,{}
https://www.jumia.ci/televisions/?display_size=39.0--40.0--42.0--43.0--47.0--48.0--49.0--50.0--55.0&viewType=gridView&sort=Price%3A+Low+to+High&dir=asc,Télévisions | Smart TV et LED en ligne | Jumia Côte d’Ivoire,https://www.jumia.ci/televisions/?display_size=39.0--40.0--42.0--43.0--47.0--48.0--49.0--50.0--55.0&viewType=gridView&sort=Price%3A+Low+to+High&dir=asc,{}
https://www.jumia.ci/chaussures-de-sport-homme/,Chaussures de Sport - Acheter en ligne | Jumia Côte d'Ivoire,https://www.jumia.ci/chaussures-de-sport-homme/,{}
https://www.jumia.ci/pantalons-shorts/,"Pantalons, leggings & shorts femme en ligne Côte d'Ivoire | Jumia.ci",https://www.jumia.ci/pantalons-shorts/,{}
https://www.jumia.ci/parfums-femme/,Parfums Femme - Acheter en ligne | Jumia Côte d'Ivoire,https://www.jumia.ci/parfums-femme/,{}
https://www.food.jumia.ci//,Livraison à domicile | Commandez vos repas en ligne | Jumia Food,https://food.jumia.ci/,{}
https://www.jumia.ci/lenovo/,Lenovo Cote d'Ivoire | Boutique en ligne de tablettes | Jumia.ci,https://www.jumia.ci/lenovo/,{}
https://deals.jumia.ci//,Site d'annonces gratuites en Côte d'Ivoire - Jumia Deals (Vendito),https://deals.jumia.ci//,{}
https://www.jumia.ci/aldo/,ALDO Shop - Acheter en ligne | Jumia Côte d'Ivoire,https://www.jumia.ci/aldo/,{}
https://www.jumia.ci/bijoux-homme/,Bijoux Homme - Acheter en ligne | Jumia Côte d'Ivoire,https://www.jumia.ci/bijoux-homme/,{}
https://www.jumia.ci/designer-ciss-st-moise/,Ciss Saint Moïse | designer | Jumia.ci,https://www.jumia.ci/designer-ciss-st-moise/,{}
https://www.jumia.ci/accessoires-photo/,Accessoires photo - Acheter en ligne | Jumia Côte d'Ivoire,https://www.jumia.ci/accessoires-photo/,{}
https://www.jumia.ci/mode-femme/zara/?viewType=gridView3,Mode Femme ZARA - Acheter en ligne | Jumia Côte d'Ivoire,https://www.jumia.ci/mode-femme/zara/?viewType=gridView3,{}
https://www.jumia.ci/telephonie/lg/,Téléphonie LG - Acheter en ligne | Jumia Côte d'Ivoire,https://www.jumia.ci/telephonie/lg/,{}
https://www.jumia.ci/ceintures-hommes/,Ceintures pour femmes en Côte d´Ivoire | Boutique en ligne | Jumia.ci,https://www.jumia.ci/ceintures-hommes/,{}
https://www.jumia.ci/bijoux/super-cadeaux-1/,Bijoux Super Cadeaux - Acheter en ligne | Jumia Côte d'Ivoire,https://www.jumia.ci/bijoux/super-cadeaux-1/,{}
https://www.jumia.ci/tendance-shop/,Tendance Shop Shop - Acheter en ligne | Jumia Côte d'Ivoire,https://www.jumia.ci/tendance-shop/,{}
https://www.jumia.ci/sandales-tongs-hommes/,Sandales & Tongs | Mode Homme | Jumia Côte d'Ivoire,https://www.jumia.ci/sandales-tongs-hommes/,{}
https://www.jumia.ci/disques-durs/,Disques Durs - Acheter en ligne | Jumia Côte d'Ivoire,https://www.jumia.ci/disques-durs/,{}
https://www.jumia.ci/maybelline.jumia.ci/,Maybelline Shop - Acheter en ligne | Jumia Côte d'Ivoire,https://maybelline.jumia.ci/,{}
https://www.jumia.ci/lux-femme/,Femme - Acheter en ligne | Jumia Côte d'Ivoire,https://www.jumia.ci/lux-femme/,{}
https://www.jumia.ci/polos-tshirts-femmes/,Débardeurs & t-shirts femmes | Boutique en ligne Côte d'Ivoire| Jumia.ci,https://www.jumia.ci/polos-tshirts-femmes/,{}
https://www.jumia.ci/sacs-femme/,Sacs - Acheter en ligne | Jumia Côte d'Ivoire,https://www.jumia.ci/sacs-femme/,{}
https://www.jumia.ci/sivoderm/,Sivoderm Shop - Acheter en ligne | Jumia Côte d'Ivoire,https://www.jumia.ci/sivoderm/,{}
https://www.jumia.ci/boutique-orange/?source=orange-shop,Boutique Orange - En exclusivité sur Jumia.ci,https://www.jumia.ci/boutique-orange/?source=orange-shop,{}
